Top pages,Clicks,Impressions,CTR,Position
https://www.forelandmarine.com/,81,2137,3.79%,32.45
https://www.forelandmarine.com/insights/how-much-does-a-superyacht-refit-cost,60,7045,0.85%,5.25
https://www.forelandmarine.com/insights/superyacht-crew-salary-guide,40,9962,0.4%,13.73
https://www.forelandmarine.com/tools/seatime-tracker,36,1302,2.76%,6.34
https://www.forelandmarine.com/insights/mca-large-yacht-code-requirements,33,4483,0.74%,7.7
https://www.forelandmarine.com/insights/understanding-yacht-management-costs-10-percent-rule,20,15176,0.13%,5.1
https://www.forelandmarine.com/owners-representation,14,715,1.96%,5.76
https://www.forelandmarine.com/insights/what-is-a-yacht-owners-representative,13,1682,0.77%,10.16
https://www.forelandmarine.com/refit,11,3661,0.3%,27.41
https://www.forelandmarine.com/insights/sailing-yacht-hydraulic-systems-guide,10,360,2.78%,8.87
https://www.forelandmarine.com/tools/pms-database,8,529,1.51%,9.89
https://www.forelandmarine.com/tools/weather-routing,6,1500,0.4%,26.83
https://www.forelandmarine.com/about,6,243,2.47%,7.17
https://www.forelandmarine.com/insights/how-to-buy-your-first-superyacht,5,1402,0.36%,18.95
https://www.forelandmarine.com/insights/refit-project-management-what-to-expect,4,1044,0.38%,40
https://www.forelandmarine.com/insights/sailing-yacht-keel-appendage-inspection-guide,4,347,1.15%,7.09
https://www.forelandmarine.com/technical-consultancy,4,283,1.41%,18.01
https://www.forelandmarine.com/insights/ism-compliance-guide-for-yacht-owners,3,667,0.45%,7.1
https://www.forelandmarine.com/insights/solent-superyacht-refit-yards-compared,3,643,0.47%,14.37
https://www.forelandmarine.com/yacht-management,3,294,1.02%,7.59
https://www.forelandmarine.com/insights/choosing-shipyard-yacht-refit,3,133,2.26%,8.45
https://www.forelandmarine.com/tools/lightship-ism,2,196,1.02%,15.36
https://www.forelandmarine.com/insights/owner-representative-vs-yacht-manager,2,72,2.78%,12.31
https://www.forelandmarine.com/insights/choosing-a-yacht-owners-representative,2,66,3.03%,10.32
https://www.forelandmarine.com/insights/carbon-composite-construction-what-owners-need-to-know,2,34,5.88%,11.44
https://www.forelandmarine.com/insights,1,3944,0.03%,50.72
https://www.forelandmarine.com/insights/sailing-vs-motor-yacht-management-differences,1,39,2.56%,7.92
https://www.forelandmarine.com/newsletters,1,26,3.85%,5.23
https://www.forelandmarine.com/insights/refit-for-performance-upgrading-a-racing-programme,1,7,14.29%,7.14
https://forelandmarine.com/insights/understanding-yacht-management-costs-10-percent-rule,0,699,0%,6.33
https://forelandmarine.com/blog/case-study--successful-yacht-refit-projects-managed-by-foreland-4,0,593,0%,9.13
https://www.forelandmarine.com/insights/flag-state-registration-guide-for-yacht-owners,0,267,0%,29.19
https://www.forelandmarine.com/insights/ism-compliance-yachts-under-500gt,0,139,0%,7.08
https://www.forelandmarine.com/technical-support,0,102,0%,10.78
https://www.forelandmarine.com/insights/weather-routing-offshore-racing,0,64,0%,11.31
https://forelandmarine.com/new-build,0,45,0%,12.93
https://www.forelandmarine.com/insights/what-does-sybass-accreditation-mean-for-a-yacht-owner,0,37,0%,6.65
https://forelandmarine.com/yacht-management,0,28,0%,14.14
https://www.forelandmarine.com/insights/owners-representative-vs-project-manager-vs-broker,0,22,0%,5.73
https://www.forelandmarine.com/newsletters/may-2026,0,22,0%,5.95
https://forelandmarine.com/blog/understanding-yorp--your-essential-guide-to-yacht-owner-s-representation,0,19,0%,17.05
https://www.forelandmarine.com/insights/why-independent-yacht-management-matters,0,16,0%,6.06
https://www.forelandmarine.com/insights/performance-sailing-yacht-refit,0,11,0%,13
https://www.forelandmarine.com/insights/choosing-yacht-management-company,0,10,0%,6.8
https://www.forelandmarine.com/insights/owner-representation-during-yard-selection,0,8,0%,4.12
https://forelandmarine.com/blog/expert-insights--the-key-benefits-of-hiring-a-yacht-technical-consultancy,0,5,0%,10.2
https://www.forelandmarine.com/insights/choosing-sailing-yacht-management-company,0,5,0%,20.4
https://forelandmarine.com/technical-consultancy,0,1,0%,3
https://forelandmarine.com/blog?q&p=19,0,1,0%,6
https://forelandmarine.com/lightship-ism,0,1,0%,8